URL,Version,Status,OIDs,Name,Title,Description,Uses,Used,Sources
http://example.com/fhir/hl7pt/ValueSet/patient-identifier-type,1.0.0,active,,VS_PatientIdentifierType,Tipos de Identificadores de Paciente,"Conjunto de tipos válidos de identificadores para pacientes em Portugal.",,"THO (V2)"
http://example.com/fhir/hl7pt/ValueSet/practitioner-identifier-type,1.0.0,active,,VS_PractitionerIdentifierType,Tipos de Identificadores de Profissionais,"Conjunto de tipos válidos de identificadores para profissionais em Portugal.","StructureDefinition/Practitioner-Pt","THO (V2)"
http://example.com/fhir/hl7pt/ValueSet/vs-patient-identity-events,1.0.0,active,,VS_PatientIdentityEvents,Eventos FHIR para Gestão de Identidade de Utentes,"Eventos FHIR relacionados com a gestão da identidade de utentes.","StructureDefinition/MessageHeader-Pt","Internal"
http://hl7.org/fhir/ValueSet/address-type,4.0.1,active,"2.16.840.1.113883.4.642.3.69",AddressType,AddressType,"The type of an address (physical / postal).","StructureDefinition/Patient-Pt","hl7.fhir.r4.core"
http://hl7.org/fhir/ValueSet/address-use,4.0.1,active,"2.16.840.1.113883.4.642.3.67",AddressUse,AddressUse,"The use of an address.","StructureDefinition/Patient-Pt","hl7.fhir.r4.core"
http://hl7.org/fhir/ValueSet/administrative-gender,4.0.1,active,"2.16.840.1.113883.4.642.3.1",AdministrativeGender,AdministrativeGender,"The gender of a person used for administrative purposes.","StructureDefinition/Practitioner-Pt,StructureDefinition/Patient-Pt","hl7.fhir.r4.core"
http://hl7.org/fhir/ValueSet/bundle-type,4.0.1,active,"2.16.840.1.113883.4.642.3.620",BundleType,BundleType,"Indicates the purpose of a bundle - how it is intended to be used.","StructureDefinition/BundleMessage-Pt,StructureDefinition/BundleSearchset-Pt","hl7.fhir.r4.core"
http://hl7.org/fhir/ValueSet/contactentity-type,4.0.1,draft,"2.16.840.1.113883.4.642.3.416",ContactEntityType,Contact entity type,"This example value set defines a set of codes that can be used to indicate the purpose for which you would contact a contact party.","StructureDefinition/Organization-Pt","THO"
http://hl7.org/fhir/ValueSet/coverage-class,4.0.1,draft,"2.16.840.1.113883.4.642.3.1009",CoverageClassCodes,Coverage Class Codes,"This value set includes Coverage Class codes.","StructureDefinition/Coverage-Pt","THO"
http://hl7.org/fhir/ValueSet/coverage-copay-type,4.0.1,draft,"2.16.840.1.113883.4.642.3.527",CoverageCopayTypeCodes,Coverage Copay Type Codes,"This value set includes sample Coverage Copayment Type codes.","StructureDefinition/Coverage-Pt","THO"
http://hl7.org/fhir/ValueSet/coverage-financial-exception,4.0.1,draft,"2.16.840.1.113883.4.642.3.1328",ExampleCoverageFinancialExceptionCodes,Example Coverage Financial Exception Codes,"This value set includes Example Coverage Financial Exception Codes.","StructureDefinition/Coverage-Pt","THO"
http://hl7.org/fhir/ValueSet/coverage-type,4.0.1,draft,"2.16.840.1.113883.4.642.3.520",CoverageTypeAndSelf-PayCodes,Coverage Type and Self-Pay Codes,"This value set includes Coverage Type codes.","StructureDefinition/Coverage-Pt","THO"
http://hl7.org/fhir/ValueSet/fm-status,4.0.1,draft,"2.16.840.1.113883.4.642.3.592",FinancialResourceStatusCodes,Financial Resource Status Codes,"This value set includes Status codes.","StructureDefinition/Coverage-Pt","hl7.fhir.r4.core"
http://hl7.org/fhir/ValueSet/http-verb,4.0.1,active,"2.16.840.1.113883.4.642.3.624",HTTPVerb,HTTPVerb,"HTTP verbs (in the HTTP command line). See [HTTP rfc](https://tools.ietf.org/html/rfc7231) for details.","StructureDefinition/BundleMessage-Pt,StructureDefinition/BundleSearchset-Pt","hl7.fhir.r4.core"
http://hl7.org/fhir/ValueSet/identifier-type,4.0.1,active,"2.16.840.1.113883.4.642.3.45",Identifier Type Codes,IdentifierType,"A coded type for an identifier that can be used to determine which identifier to use for a specific purpose.","StructureDefinition/Practitioner-Pt","THO (V2)"
http://hl7.org/fhir/ValueSet/identifier-use,4.0.1,active,"2.16.840.1.113883.4.642.3.57",IdentifierUse,IdentifierUse,"Identifies the purpose for this identifier, if known .","StructureDefinition/Practitioner-Pt","hl7.fhir.r4.core"
http://hl7.org/fhir/ValueSet/languages,4.0.1,draft,"2.16.840.1.113883.4.642.3.20",CommonLanguages,Common Languages,"This value set includes common codes from BCP-47 (http://tools.ietf.org/html/bcp47)","StructureDefinition/BundleMessage-Pt,StructureDefinition/MessageHeader-Pt,StructureDefinition/Organization-Pt,StructureDefinition/Practitioner-Pt,StructureDefinition/Patient-Pt,StructureDefinition/BundleSearchset-Pt,StructureDefinition/Coverage-Pt","hl7.terminology.r4"
http://hl7.org/fhir/ValueSet/link-type,4.0.1,active,"2.16.840.1.113883.4.642.3.423",LinkType,LinkType,"The type of link between this patient resource and another patient resource.","StructureDefinition/Patient-Pt","hl7.fhir.r4.core"
http://hl7.org/fhir/ValueSet/marital-status,4.0.1,active,"2.16.840.1.113883.4.642.3.29",Marital Status Codes,MaritalStatus,"This value set defines the set of codes that can be used to indicate the marital status of a person.","StructureDefinition/Patient-Pt","THO (V3)"
http://hl7.org/fhir/ValueSet/message-reason-encounter,4.0.1,draft,"2.16.840.1.113883.4.642.3.378",ExampleMessageReasonCodes,Example Message Reason Codes,"Example Message Reasons. These are the set of codes that might be used an updating an encounter using admin-update.","StructureDefinition/MessageHeader-Pt","THO"
http://hl7.org/fhir/ValueSet/organization-type,4.0.1,draft,"2.16.840.1.113883.4.642.3.414",OrganizationType,Organization type,"This example value set defines a set of codes that can be used to indicate a type of organization.","StructureDefinition/Organization-Pt","THO"
http://hl7.org/fhir/ValueSet/patient-contactrelationship,4.0.1,active,"2.16.840.1.113883.4.642.3.1130",PatientContactRelationship,Patient Contact Relationship ,"The nature of the relationship between the patient and the contact person.","StructureDefinition/Patient-Pt","THO (V2)"
http://hl7.org/fhir/ValueSet/resource-types,4.0.1,active,"2.16.840.1.113883.4.642.3.27",ResourceType,ResourceType,"One of the resource types defined as part of this version of FHIR.","StructureDefinition/Patient-Pt","hl7.fhir.r4.core"
http://hl7.org/fhir/ValueSet/response-code,4.0.1,draft,"2.16.840.1.113883.4.642.3.380",ResponseType,ResponseType,"The kind of response to a message.","StructureDefinition/MessageHeader-Pt","hl7.fhir.r4.core"
http://hl7.org/fhir/ValueSet/search-entry-mode,4.0.1,active,"2.16.840.1.113883.4.642.3.622",SearchEntryMode,SearchEntryMode,"Why an entry is in the result set - whether it's included as a match or because of an _include requirement, or to convey information or warning information about the search process.","StructureDefinition/BundleMessage-Pt,StructureDefinition/BundleSearchset-Pt","hl7.fhir.r4.core"
http://hl7.org/fhir/ValueSet/subscriber-relationship,4.0.1,draft,"2.16.840.1.113883.4.642.3.1385",SubscriberRelationshipCodes,SubscriberPolicyholder Relationship Codes,"This value set includes codes for the relationship between the Subscriber and the Beneficiary (insured/covered party/patient).","StructureDefinition/Coverage-Pt","THO"
http://terminology.hl7.org/ValueSet/v2-2.7-0360,0360,active,,v2.0360.2.7,v2 table 0360, Version 2.7,"FHIR Value set/code system definition for HL7 v2 table 0360 ver 2.9 ( Degree/License/Certificate)","StructureDefinition/Practitioner-Pt","THO (V2)"
